S no,pathname,storyname,Thumbnail,substory1,product1,substory2,product2,substory3,product3,substory4,product4,substory5,product5,substory6,product6,substory7,product7
,/,,,,,,,,,,,,,,,,
1,,Best Sellers,https://cdn.shopify.com/s/files/1/0579/6836/1670/files/32344020_816403391878376_4347756648840822784_n.jpg?v=1699009884,https://cdn.shopify.com/videos/c/o/v/5642d0c3a5294225a55e05dfe7c5cf4e.mp4,handmade-sabai-grass-mesh-bag,https://cdn.shopify.com/videos/c/o/v/8b5992765c5246fd8ce84999936fb876.mp4,"handmade-sabai-grass-round-mats,handmade-sabai-grass-coasters,handmade-sabai-napkin-rings,handmade-sabai-grass-bread-basket,handmade-sabai-grass-roti-box-black",https://cdn.shopify.com/videos/c/o/v/74154d8806e2462385784f7707f2aeac.mp4,handmade-sabai-grass-roti-box-brown,https://cdn.shopify.com/videos/c/o/v/0add4adf12a040a7bf5e021edd5ec1a1.mp4,sitalpati-gift-box,,,,,,
,,,,,,,,,,,,,,,,,
2,,Bags,https://cdn.shopify.com/s/files/1/0579/6836/1670/files/345603598_3527146207559441_9101157396480832799_n.jpg?v=1699011131,https://cdn.shopify.com/videos/c/o/v/4627198bffff4f07814b7dc4e728b785.mp4,handmade-sabai-grass-mesh-bag,https://cdn.shopify.com/videos/c/o/v/aa0e114bed484654a8b29f4aedfeef6e.mp4,handmade-sabai-zari-mesh-bag,https://cdn.shopify.com/videos/c/o/v/40e24220cc944bafb276456155f1bd55.mp4,sabai-grass-shopping-bag,,,,,,,,
,,,,,,,,,,,,,,,,,
3,,Serveware Baskets,https://cdn.shopify.com/s/files/1/0579/6836/1670/files/147451985_435314794336977_4966965701551366107_n.jpg?v=1699012056,https://cdn.shopify.com/videos/c/o/v/74154d8806e2462385784f7707f2aeac.mp4,handmade-sabai-grass-roti-box-brown,https://cdn.shopify.com/videos/c/o/v/897bdb19c4b549cd99bd8db46fa8fd69.mp4,handmade-bamboo-chip-dip,https://cdn.shopify.com/videos/c/o/v/8abb3568d8fa4c04b4b4f87ca026d926.mp4,handmade-sabai-grass-bread-box,https://cdn.shopify.com/videos/c/o/v/8b5992765c5246fd8ce84999936fb876.mp4,"handmade-sabai-grass-round-mats,handmade-sabai-grass-coasters,handmade-sabai-napkin-rings,handmade-sabai-grass-bread-basket,handmade-sabai-grass-roti-box-black",,,,,,
,,,,,,,,,,,,,,,,,
4,,Trays,https://cdn.shopify.com/s/files/1/0579/6836/1670/files/249258444_387022173110945_1153784828486183884_n.jpg?v=1699014419,https://cdn.shopify.com/videos/c/o/v/f522ce1f4e654a659d6aa5c30829bc13.mp4,handmade-bamboo-olive-tray-brown,https://cdn.shopify.com/videos/c/o/v/8655ae7bf49543fd96aafd436a09f9b4.mp4,handmade-bamboo-chip-dip,https://cdn.shopify.com/videos/c/o/v/610965a9d78149b592dd09c84ada9a65.mp4,coconut-shell-bowls-with-spoon-set,,,,,,,,
,,,,,,,,,,,,,,,,,
5,,Gifting,https://cdn.shopify.com/s/files/1/0579/6836/1670/files/kadamhaat_gifitng_thumbnail.webp?v=1699961901,https://cdn.shopify.com/videos/c/o/v/8879e486e04d4d1eb89281e94820a7e2.mp4,handmade-sitalpati-gift-box,,,,,,,,,,,,
,,,,,,,,,,,,,,,,,
6,,Declutter,https://cdn.shopify.com/s/files/1/0579/6836/1670/files/288123169_155111760372157_6865087215880793068_n.jpg?v=1699962395,https://cdn.shopify.com/videos/c/o/v/1bbe8ca8f55a4653a5c055bf4a0cb94a.mp4,handmade-moonj-grass-declutter-basket,,,,,,,,,,,,
